Video name,Unique ID,GuidId,Notification,Exercise Name,Age Suitability,Goal,Primary Category,Body Region,Equipments,Fitness Level,Physical limitation,Sets,Reps,RPE,Rest intervals,Health benefit,Steps to perform,Safety cue,MET value,is_not_suitable_for,Tags,,,
Banded Face Pulls,10001,62c9eb09-090c-f111-90e2-0ee5bce07997,Banded Face Pulls: Improves posture and strengthen your upper back—tap to watch now.,Banded Face Pulls,All Ages,All,Strength,Upper,Resistance Band,"Beginner,Intermediate","Acute Shoulder Impingement, Acute Rotator Cuff Tear, Elbow Pain (acute)",2,12–15,6–8,60–90 sec,Improves rear shoulder and upper back strength for better posture,"1. Stand facing the anchor with feet hip-width apart.
2. Hold the rope or band with both hands and extend your arms at eye level.
3. Pull your hands toward your face while flaring your elbows and squeezing your shoulder blades.
4. Slowly extend your arms back to the start and repeat.",Pull shoulder blades together keeping chest tall and elbows level,3.5,None,Main workout,,,
Arm Scissors,10002,63c9eb09-090c-f111-90e2-0ee5bce07997,Arm Scissors: Activate your shoulders and improve shoulder mobility—tap to start.,Arm Scissors,All Ages,All,Mobility,Upper,Bodyweight,All,Acute Shoulder Pain / Shoulder Impingement,2,10 each side,4–5,30–40 sec,Enhances shoulder mobility and coordination through repetitive horizontal adduction and abduction,"1. Stand tall with feet hip-width apart and arms extended straight ahead at chest height.
2. Cross one arm over the other, then quickly reverse so the opposite arm crosses on top.
3. Continue alternating in a controlled rhythm while keeping your core engaged.",Keep shoulders relaxed and avoid excessive trunk rotation,3,None,Warm up,,,
Banded Hammer Curls,10003,64c9eb09-090c-f111-90e2-0ee5bce07997,Banded Hammer Curls: Build forearm and biceps strength—tap to start. 💪,Banded Hammer Curls,All Ages,All,Strength,Upper,Resistance Band,All,"Elbow Pain (acute), Wrist Pain (acute)",2,10–12,4-6,30–60 sec,Strengthens biceps and forearm muscles,"1. Stand on the center of the band with feet hip-width apart.
2. Hold band handles with palms facing each other.
3. Curl hands toward shoulders while keeping elbows close to the body.
4. Lower slowly to the starting position.",Keep elbows tucked and avoid swinging the torso,3.5,None,Main workout,,,
Banded Biceps Curl,10004,65c9eb09-090c-f111-90e2-0ee5bce07997,Banded Biceps Curl: Strengthen and tone your biceps—tap to begin. 💪,Banded Biceps Curl,All Ages,All,Strength,Upper,Resistance Band,All,"Acute Elbow Tendinitis, Wrist Pain (acute)",2,8–12,7–8,60–90 sec,Builds elbow flexor strength and contributes to functional pulling movements,"1. Stand on the center of the resistance band with feet hip-width apart.
2. Hold band handles with palms facing forward and elbows close to sides.
3. Curl hands toward shoulders by bending elbows without swinging the torso.
4. Lower slowly to the starting position with control.",Keep elbows tucked to sides and lower weight slowly with control,4,None,Main workout,,,
Arm Raises,10005,66c9eb09-090c-f111-90e2-0ee5bce07997,Arm Raises with Breathing: Strengthen your shoulders and improve arm control—tap to begin.,Arm Raises with Breathing,All Ages,All,Mobility,Upper,Bodyweight,All,"Acute Shoulder Impingement, Severe Shoulder Pain in Overhead Range",2,8–10,2–3,30–40 sec,Enhances shoulder mobility and breathing coordination,"1. Stand tall with feet hip-width apart and arms at sides.
2. Inhale deeply while raising both arms forward and overhead.
3. Exhale slowly as you lower arms back to sides.
4. Move in a slow, controlled rhythm.",Keep shoulders relaxed and avoid arching the lower back,2.3,None,Warm up,,,
Banded Lateral Walking,10006,67c9eb09-090c-f111-90e2-0ee5bce07997,Banded Lateral Walk: Strengthen your glutes and improve hip stability—tap to start.,Banded Lateral Walk,All Ages,All,Strength,Lower,Resistance Band,Intermediate,"Acute Knee Pain / Knee Injury, Recent Hip Surgery",2,8–12 steps each direction,4-6,30–60 sec,Strengthens hip abductors and improves lateral stability,"1. Place a resistance band around thighs or ankles and stand with knees slightly bent.
2. Step sideways maintaining tension in the band and neutral spine.
3. Continue stepping for desired reps, then return in opposite direction.",Maintain neutral spine and engaged core,4,None,Main workout,,,
Banded Shoulder Internal Rotation,10007,68c9eb09-090c-f111-90e2-0ee5bce07997,Banded Shoulder Internal Rotation: Strengthen your rotator cuff and improve shoulder stability—tap to begin.,Banded Shoulder Internal Rotation,All Ages,All,Strength,Upper,Resistance Band,All,"Acute Shoulder Impingement, Acute Rotator Cuff Tear",2,10–12 each side,4-6,30–60 sec,Strengthens internal rotator muscles of the shoulder,"1. Attach band at elbow height and hold it with elbow bent 90° and tucked at your side.
2. Rotate your forearm inward across your body while keeping elbow fixed.
3. Return slowly to the starting position with control.",Keep elbow close to body and avoid trunk rotation,3.5,Severe Shoulder Arthritis (flare-up),Main workout,,,
Banded Lateral Raise,10008,69c9eb09-090c-f111-90e2-0ee5bce07997,Banded Lateral Raise: Build shoulder strength and improve arm lift control—tap to start. 💪,Banded Lateral Raise,All Ages,All,Strength,Upper,Resistance Band,Intermediate,"Acute Shoulder Impingement, Acute Rotator Cuff Tear",2,10–15,6–8,60–90 sec,Strengthens shoulder abductors for improved arm elevation control,"1. Stand on the center of the resistance band holding handles at your sides.
2. Raise arms out to shoulder height with a slight elbow bend.
3. Lower slowly back to start while maintaining band tension.",Keep shoulders down and avoid shrugging or swinging,3.8,Severe Shoulder Arthritis (flare-up),Main workout,,,
Banded Pull-Aparts,10009,6ac9eb09-090c-f111-90e2-0ee5bce07997,Banded Pull-Apart: Strengthen your upper back and improve shoulder alignment—tap to start.,Banded Pull-Aparts,All Ages,All,Strength,Upper,Resistance Band,All,"Acute Shoulder Impingement, Acute Rotator Cuff Tear",2,10-15,6–8,45–60 sec,Strengthens upper back and improves scapular control,"1. Stand tall holding a resistance band at shoulder height with arms straight.
2. Pull the band outward by squeezing shoulder blades while keeping arms level.
3. Return slowly to the starting position with control.",Keep shoulders down and avoid shrugging during pull,3.5,None,Main workout,,,
BS External Rotation,10010,6bc9eb09-090c-f111-90e2-0ee5bce07997,Banded Shoulder External Rotation: Strengthen your rotator cuff and enhance shoulder stability—tap to begin.,Banded Shoulder External Rotation,All Ages,All,Strength,Upper,Resistance Band,All,"Acute Shoulder Impingement, Acute Rotator Cuff Tear",2,12–15 each side,3–5,30–60 sec,Builds rotator cuff strength and supports shoulder stability during arm movements,"1. Attach the resistance band at elbow height and hold it with elbow bent 90° tucked at your side.
2. Rotate the forearm outward away from your body while keeping the elbow fixed.
3. Slowly return to the starting position with control.",Keep elbow pinned to side at 90 degrees and rotate from shoulder,3,"Recent Shoulder Surgery, Severe Shoulder Arthritis (flare-up)",Main workout,,,
Cat Camel,10011,6cc9eb09-090c-f111-90e2-0ee5bce07997,Cat–Cow: Improve spinal mobility and reduce back stiffness—tap to start.,Cat - Cow,All Ages,All,Mobility,Core,Bodyweight,All,"Acute Wrist Pain, Acute Lumbar Injury",2,8–12,2–3,30–40 sec,Improves spinal mobility and posture awareness,"1. Start on all fours with hands under shoulders and knees under hips.
2. Arch your back upward (Cat) then slowly drop your belly and lift chest (Cow).
3. Continue alternating the movement in a slow controlled rhythm.",Keep a neutral spine and move with control,2.5,"Recent Spinal Surgery, Acute Disc Herniation",Warm up,,,
Bird Dog Exercise,10012,6dc9eb09-090c-f111-90e2-0ee5bce07997,Bird Dog: Improve core stability and balance—tap to begin.,Bird-Dog,All Ages,All,Balance & Stability,Core,Bodyweight,All,"Acute Low Back Pain / Lumbar Injury, Wrist Pain (acute)",2,8–12 (alternating sides),3–5,30–60 sec,Enhances core stability and coordination between limbs,"1. Start on all fours with hands under shoulders and knees under hips.
2. Extend opposite arm and leg while keeping hips and torso stable.
3. Return to start and alternate sides with control.",Keep hips level and avoid arching the lower back,3,None,Warm up,,,
Chair Squat,10013,6ec9eb09-090c-f111-90e2-0ee5bce07997,Chair Squat: Improve sit-to-stand strength and knee control—tap to begin.,Chair Squat,All Ages,All,Strength,Lower,Bodyweight,Beginner,Knee pain (general / chronic),2,10–15,6–8,60–90 sec,Builds lower body strength and functional mobility,"1. Stand in front of a chair with feet hip-width apart and toes pointing forward.
2. Push hips back and bend knees as if sitting, keeping chest lifted.
3. Lightly touch the chair with your glutes without fully sitting.
4. Drive through heels to stand back up and fully extend hips.",Sit back into your heels and keep chest lifted,3,None,Main workout,,,
CHILD POSE,10014,6fc9eb09-090c-f111-90e2-0ee5bce07997,Child's Pose: Gently stretch your lower back and hips—tap to begin.,Child's Pose,All Ages,All,Flexibility / Stretching,Core,Bodyweight,Beginner,Knee pain (general / chronic),2,20–30s,1–3,15–30 sec,Promotes spinal elongation and relaxation of the back and hips,"1. Kneel on the floor with big toes touching and knees together or slightly apart.
2. Sit back on your heels and reach your arms forward while lowering your torso toward your thighs.
3. Rest your forehead on the mat and breathe evenly while maintaining the stretch.",Breathe deeply and relax hips toward your heels,4,None,Cooldown,,,
Chin Tuck,10015,70c9eb09-090c-f111-90e2-0ee5bce07997,Chin Tucks: Strengthen deep neck flexors and improve head posture—tap to begin.,Chin Tucks ,All Ages,All,Mobility,Upper,Bodyweight,Beginner,Neck pain,2,10–15,2–4,30–60 sec,Improves neck alignment and counters forward head posture,"1. Stand tall with feet hip-width and shoulders relaxed.
2. Keep eyes forward and gently draw your chin straight back, creating a double chin.
3. Hold the tucked position for a few seconds without tilting the head.
4. Release slowly and repeat for the desired repetitions.",Gently retract your chin and lengthen the back of the neck,4,None,Warm up,,,
Cobra pose,10016,71c9eb09-090c-f111-90e2-0ee5bce07997,Cobra Stretch: Extend your spine and open your chest—tap to begin.,Cobra Stretch,All Ages,All,Flexibility / Stretching,Core,Bodyweight,Beginner,Lower back pain (non-specific),2,20–30s,1–3,15–30 sec,Increases thoracic extension and opens the chest,"1. Lie face down with legs extended and hands placed under your shoulders.
2. Press your palms into the floor and straighten your arms to lift your chest while keeping your hips down.
3. Open your chest and look slightly upward without forcing your neck.
4. Lower your torso slowly back to the floor with control.",Press pubic bone into mat and lift chest using upper back control,4,None,Cooldown,,,
Crescent Pose,10017,72c9eb09-090c-f111-90e2-0ee5bce07997,Crescent Pose (Yoga): Stretch hip flexors while building lower-body balance—tap to begin.,Crescent Pose (Yoga),All Ages,All,Flexibility / Stretching,Full,,,General joint stiffness (multi-joint / morning stiffness),2,20–30s,6–8,60–90 sec,Supports maintaining an active routine and overall mobility,"1. Stand with feet hip-width apart and arms relaxed at your sides.
2. Engage your core and lift both arms forward to shoulder height with palms facing down.
3. Lower your arms slowly back to your sides with controlled movement.",Maintain a neutral spine and control movement without holding breath,4,None,Cooldown,,,
DB Lateral Raise,10018,73c9eb09-090c-f111-90e2-0ee5bce07997,Dumbbell Lateral Raise: Strengthen side delts for improved shoulder stability—tap to begin.,Dumbbell Lateral Raise,All Ages,All,Strength,Upper,Dumbbell,Intermediate,Rotator cuff weakness / instability,2,10–15,7–9,60–90 sec,Strengthens shoulder abductors and improves lateral shoulder stability,"1. Stand with feet hip-width apart and hold a dumbbell in each hand at your sides.
2. Keep a slight bend in your elbows and raise your arms out to the sides to shoulder height.
3. Pause briefly at the top while keeping your shoulders down and chest open.
4. Lower the dumbbells slowly back to the starting position with control.",Lead with elbows and lift to shoulder height with slow controlled motion,2.8,None,Main workout,,,
Cross-Arm Stretch,10019,74c9eb09-090c-f111-90e2-0ee5bce07997,Cross-Arm Stretch: Improve shoulder mobility with a controlled cross-body stretch—tap to begin.,Cross-Arm Stretch,All Ages,All,Mobility,Full,,,General joint stiffness (multi-joint / morning stiffness),2,8–12,6–8,60–90 sec,Encourages movement variety and helps prevent stiffness from prolonged sitting,"1. Stand with feet shoulder-width apart.
2. Hinge at the hips and bend your knees to lower into a squat.
3. Keep your chest up and weight on your heels as you descend.
4. Drive through your heels to return to standing.",Keep shoulders down and back to avoid shrugging during the movement,4,None,Warm up,,,
DB Shrugs,10020,75c9eb09-090c-f111-90e2-0ee5bce07997,Dumbbell Shrugs: Build upper trapezius strength and neck support—tap to begin.,Dumbbell Shrugs,All Ages,All,Mobility,Full,Dumbbell,Intermediate,General joint stiffness (multi-joint / morning stiffness),2,10–15,6–8,60–90 sec,Facilitates gradual mobility gains and supports daily functional movement,"1. Start in a high plank with hands under your shoulders.
2. Bend your elbows to lower your chest toward the ground.
3. Keep a straight line from head to heels as you descend.
4. Push through your hands to return to the starting position.",Breathe steadily and brace core to protect lower back throughout the exercise,4,None,Warm up,,,
Dead Bug,10021,76c9eb09-090c-f111-90e2-0ee5bce07997,Dead Bug: Improve core stability while protecting your lower back—tap to begin.,Dead Bug,All Ages,All,Mobility,Full,,,General joint stiffness (multi-joint / morning stiffness),2,8–12,6–8,60-120 sec,Supports overall mobility and functional movement coordination,"1. Lie on your back with knees bent and feet flat on the floor.
2. Press through your heels and lift your hips toward the ceiling.
3. Squeeze your glutes at the top and hold briefly.
4. Lower your hips back down with control.",Keep a neutral spine and avoid rounding,4,None,Warm up,,,
DB Overhead Tricep Extension,10022,77c9eb09-090c-f111-90e2-0ee5bce07997,Dumbbell Overhead Tricep Extension: Isolate and strengthen your triceps overhead—tap to begin.,Dumbbell Overhead Tricep Extension,All Ages,All,Mobility,Full,Dumbbell,Intermediate,General joint stiffness (multi-joint / morning stiffness),2,8–12,6–8,60-120 sec,Enhances core stability and balance control,"1. Stand tall with feet hip-width apart and shoulders relaxed to begin nan.
2. Hinge at the hips and push the butt back while keeping a neutral spine to lower your torso slightly.
3. Drive through the heels and squeeze the glutes to return to standing and repeat.",Breathe steadily and brace your core,4,None,Warm up,,,
Dumbbell RDL,10023,78c9eb09-090c-f111-90e2-0ee5bce07997,Dumbbell Romanian Deadlift: Strengthen hamstrings and reinforce hip hinge mechanics—tap to begin.,Dumbbell Romanian Deadlift,40–59,All,Strength,Lower,Dumbbell,Intermediate,Lower back pain (non-specific),2,8–12,7–9,120-180 sec,Strengthens hamstrings and posterior chain while training hip hinge mechanics,"1. Stand with feet hip-width, hold a bar or dumbbells in front, and keep a slight bend in the knees.
2. Hinge at the hips and push them back while keeping a flat back and sliding the weights down the front of your legs.
3. Lower until you feel a hamstring stretch without rounding the spine.
4. Drive the hips forward, squeeze the glutes, and return to an upright position.",Hinge at hips keeping a neutral spine and soft knees,3.8,"Hypertension, Osteoporosis, Chronic Low Back Pain",Main workout,,,
Dumbbell Floor Press,10024,79c9eb09-090c-f111-90e2-0ee5bce07997,Dumbbell Floor Press: Build chest and triceps strength with joint support—tap to begin.,Dumbbell Floor Press,All Ages,All,Strength,Upper,Dumbbell,Intermediate,Shoulder pain (general),2,8–12,7–8,60-90 sec,Builds chest and triceps strength with reduced shoulder strain,"1. Lie on your back on the floor with knees bent, feet flat, and hold dumbbells over your chest.
2. Lower the dumbbells under control until your elbows touch the floor or reach a comfortable end range.
3. Pause briefly with the dumbbells near the chest.
4. Press the dumbbells upward until your arms are fully extended and repeat.",Retract shoulder blades and control the descent,4.5,None,Main workout,,,
Dumbbell Upright Row,10025,7ac9eb09-090c-f111-90e2-0ee5bce07997,Dumbbell Upright Row: Strengthen shoulders and upper traps—tap to begin.,Dumbbell Upright Row,All Ages,All,Mobility,Full,Dumbbell,Intermediate,General joint stiffness (multi-joint / morning stiffness),2,8–12,6–8,60-120 sec,Promotes joint range of motion and movement efficiency,"1. Stand tall with feet hip-width apart and arms at your sides.
2. Bend your knees slightly and hinge at the hips while reaching your arms forward.
3. Return to standing by driving hips forward and straightening knees.",Maintain controlled tempo and avoid jerky movements,4,None,Warm up,,,
Floor Triceps Dips,10026,7bc9eb09-090c-f111-90e2-0ee5bce07997,Floor Triceps Dips: Improve arm extension strength using bodyweight—tap to begin.,Floor Triceps Dips,All Ages,All,Mobility,Full,,,General joint stiffness (multi-joint / morning stiffness),2,8–12,6–8,60-120 sec,Supports muscular endurance and sustained physical activity,"1. Place forearms on the floor under your shoulders and extend your legs behind you.
2. Engage your core and keep your body in a straight line from head to heels.
3. Hold the position while breathing steadily.",Keep a neutral spine and avoid overarching the lower back,4,None,Warm up,,,
Glute Bridge,10027,7cc9eb09-090c-f111-90e2-0ee5bce07997,Glute Bridges: Activate glutes and support lower-back stability—tap to begin.,Glute Bridges,All Ages,All,Mobility,Lower,Bodyweight,Beginner,Reduced core stability,2,10–15,7–9,60-90 sec,Activates glutes and improves hip extension strength,"1. Lie on your back with knees bent and feet flat hip-width apart.
2. Place your arms at your sides and press through your heels.
3. Squeeze your glutes and lift your hips until your body forms a straight line.
4. Pause briefly at the top, then lower your hips back down with control.",Squeeze glutes at the top and maintain a straight line from shoulders to knees,3,None,Warm up,,,
Fly Jacks,10028,7dc9eb09-090c-f111-90e2-0ee5bce07997,Fly Jacks: Elevate heart rate with coordinated arm and leg movement—tap to begin.,Fly Jacks,All Ages,All,Mobility,Full,,,General joint stiffness (multi-joint / morning stiffness),2,8–12,6–8,60-120 sec,Encourages postural alignment and low back stability during movement,"1. Stand tall with feet hip-width apart.
2. Bend knees slightly and hinge at the hips while reaching hands toward the floor.
3. Drive hips forward and stand up tall while squeezing the glutes.",Breathe steadily and avoid holding your breath during exertion,4,None,Warm up,,,
Flutter Kicks,10029,7ec9eb09-090c-f111-90e2-0ee5bce07997,Flutter Kicks: Strengthen lower abdominals with controlled leg motion—tap to begin.,Flutter Kicks,All Ages,All,Mobility,Full,,,General joint stiffness (multi-joint / morning stiffness),2,8–12,6–8,60-120 sec,Enhances lower body power and coordination in functional tasks,"1. Stand tall with feet together and arms at your sides.
2. Step one foot forward into a shallow lunge while keeping your torso upright.
3. Push through the front heel to return to standing and repeat on the other side.",Keep shoulders down and away from ears to prevent neck tension,4,None,Warm up,,,
High Knee March,10030,7fc9eb09-090c-f111-90e2-0ee5bce07997,High Knee March: Improve hip flexor strength and single-leg balance—tap to begin.,High Knee March,All Ages,All,Cardio,Lower,Bodyweight,Beginner,Limited single-leg balance,2,30–60,5–7,30-60 sec,Raises heart rate modestly and improves leg drive and coordination,"1. Stand tall with feet hip-width apart and arms relaxed at your sides.
2. Lift one knee toward hip level while swinging the opposite arm forward.
3. Step down and immediately lift the other knee to the same height.
4. Continue alternating knees at a controlled walking pace.",Land softly and keep core tall while driving knees to hip height,4,None,Warm up,,,
Good Morning,10031,80c9eb09-090c-f111-90e2-0ee5bce07997,Good Mornings (Bodyweight): Reinforce hip hinge pattern and posterior chain activation—tap to begin.,Good Mornings (Bodyweight),40–59,All,Strength,Lower,Bodyweight,Beginner,Lower back pain (non-specific),2,10–15,6–8,60–90 sec,Strengthens posterior chain and improves hip hinge mechanics,"1. Stand with feet hip-width apart, knees soft, and hands behind your head.
2. Hinge at the hips and push your hips back while keeping your spine neutral and chest lifted.
3. Lower until your torso is parallel to the floor or you feel tension in the hamstrings.
4. Drive your hips forward to return to standing and squeeze your glutes.",Hinge at the hips with a neutral spine and chest lifted,3.4,None,Main workout,,,
Hamstring Sweeps,10032,81c9eb09-090c-f111-90e2-0ee5bce07997,Hamstring Sweeps: Dynamically stretch hamstrings to prepare for movement—tap to begin.,Hamstring Sweeps,All Ages,All,Mobility,Full,,,General joint stiffness (multi-joint / morning stiffness),2,8–12,5–7,45–60 sec,Improves overall mobility and functional movement,"1. Stand tall with feet hip-width apart and hands on your hips.
2. Step one foot forward and lower your back knee toward the floor until both knees are about 90 degrees.
3. Keep your torso upright and your weight in the front heel.
4. Push through the front heel to return to standing and repeat on the other side.",Maintain a tall neutral spine and steady breathing,4,None,Warm up,,,
Inchworm,10033,82c9eb09-090c-f111-90e2-0ee5bce07997,Inchworm: Improve hamstring flexibility and shoulder stability—tap to begin.,Inchworm,All Ages,All,Mobility,Full,,,General joint stiffness (multi-joint / morning stiffness),2,8–12,6–8,60–90 sec,Supports balance and coordination during dynamic activities,"1. Lie on your back with knees bent, feet flat hip-width apart, and arms at your sides.
2. Press through your heels and lift your hips until your body forms a straight line from knees to shoulders.
3. Squeeze your glutes at the top and hold for one second.
4. Lower your hips slowly back to the floor with control.",Use a slow controlled tempo and brace your core,4,None,Warm up,,,
Incline Push-Up,10034,83c9eb09-090c-f111-90e2-0ee5bce07997,Incline Push-Ups: Build upper-body pushing strength with reduced load—tap to begin.,Incline Push-Ups,All Ages,All,Strength,Upper,Bodyweight,Beginner,Shoulder pain (general),2,8–15,6–8,60–90 sec,Builds upper body pressing strength with reduced load compared to standard push-ups,"1. Place your hands shoulder-width on a sturdy elevated surface and extend your legs behind you in a straight line.
2. Bend your elbows and lower your chest toward the edge while keeping your body rigid.
3. Stop when your chest is close to the surface and your elbows are angled near 45 degrees.
4. Push through your palms to straighten your arms and return to the starting position.",Keep shoulders packed and body in a straight line,3.5,None,Main workout,,,
Jumping jacks,10035,84c9eb09-090c-f111-90e2-0ee5bce07997,Jumping Jacks: Increase heart rate with full-body coordination—tap to begin.,Jumping jacks,All Ages,All,Mobility,Full,,,General joint stiffness (multi-joint / morning stiffness),2,8–12,5–7,45–60 sec,Enhances muscular endurance and joint stability,"1. Stand tall with feet hip-width and arms relaxed at your sides.
2. Hinge at the hips and reach your hands forward while keeping a soft bend in the knees.
3. Reverse the hinge by driving the hips forward and return to standing.",Align neck with spine and exhale on exertion,4,None,Warm up,,,
Leg Swings,10036,85c9eb09-090c-f111-90e2-0ee5bce07997,Leg Swings: Improve hip mobility and movement range—tap to begin.,Leg Swings ,All Ages,All,Mobility,Lower,Bodyweight,Beginner,Hip stiffness / limited hip mobility,2,8–12,2–4,15–30 sec,Improves hip mobility and dynamic flexibility for gait and athletic movements,"1. Stand beside a support and place one hand on it for balance.
2. Swing the free leg forward a small distance with controlled motion, then swing it back the same small distance.
3. Keep your torso upright and repeat the small forward-and-back swings for the desired reps, then switch legs.",Brace core and keep hips square while swinging with controlled range,4,None,Warm up,,,
Knee Push up,10037,86c9eb09-090c-f111-90e2-0ee5bce07997,Knee Push Up: Develop chest and triceps strength with modified load—tap to begin.,Knee Push up,All Ages,All,Strength,Upper,Bodyweight,,General joint stiffness (multi-joint / morning stiffness),2,8–12,5–7,45–60 sec,Promotes blood flow and warms muscles before exercise,"1. Stand with feet shoulder-width apart and toes slightly turned out.
2. Push hips back and bend knees to lower into a squat until thighs are parallel to the floor.
3. Drive through your heels to return to standing and squeeze your glutes at the top.",Maintain neutral spine and soft knees during movement,4,None,Warm up,,,
Incline Mountain Climbers,10038,87c9eb09-090c-f111-90e2-0ee5bce07997,Incline Mountain Climbers: Engage core and shoulders at a controlled tempo—tap to begin.,Incline Mountain Climbers ,40–59,All,Mobility,Core,Bodyweight,Beginner,Reduced core stability,2,8–12,6–8,30–60 sec,Develops core stability while challenging shoulder and hip coordination,"1. Place hands shoulder-width apart on a sturdy elevated surface and step back into a plank with a straight body.
2. Pull one knee slowly toward your chest while keeping hips level and core engaged.
3. Extend that leg back while bringing the opposite knee toward your chest in a controlled, slow rhythm.
4. Continue alternating knees slowly while maintaining a flat spine.",Drive opposite knee toward chest while keeping hips level and core braced,5,None,Warm up,,,
Lying Windshield Wipers Level-1,10039,88c9eb09-090c-f111-90e2-0ee5bce07997,Lying Windshield Wipers Level-1: Improve trunk rotation control safely—tap to begin.,Lying Windshield Wipers Level-1,All Ages,All,Mobility,Full,,,General joint stiffness (multi-joint / morning stiffness),2,8–12,5–7,45–60 sec,Supports proprioception and body awareness during controlled movements,"1. Lie on your back with knees bent, feet flat hip-width apart, and arms at your sides.
2. Press through your heels and lift your hips until your body forms a straight line from shoulders to knees.
3. Lower your hips back down with control and repeat.",Exhale on effort and inhale on reset to maintain rhythm and control,4,None,Warm up,,,
Modified Butt Kicks,10040,89c9eb09-090c-f111-90e2-0ee5bce07997,Modified Butt Kicks: Activate hamstrings with low-impact cardio—tap to begin.,Modified Butt Kicks,All Ages,All,Mobility,Full,,,General joint stiffness (multi-joint / morning stiffness),2,8–12,6–8,60–90 sec,Aids recovery and reduces muscle stiffness after exercise,"1. Stand with feet hip-width apart and toes facing forward.
2. Bend at the hips and knees to lower into a squat while keeping your chest upright.
3. Push through your heels to return to standing and squeeze your glutes at the top.
4. Repeat smoothly for the desired number of repetitions.",Align shoulders over wrists and maintain scapular stability throughout each rep,4,None,Warm up,,,
Neck Tilts,10041,8ac9eb09-090c-f111-90e2-0ee5bce07997,Neck Tilts: Improve lateral neck mobility and reduce stiffness—tap to begin.,Neck Tilts,All Ages,All,Mobility,Full,,,General joint stiffness (multi-joint / morning stiffness),2,10–12,5–7,60–90 sec,Promotes overall movement quality and functional mobility,"1. Start in a high plank with hands under your shoulders and your body in a straight line.
2. Bend your elbows and lower your chest toward the floor while keeping your core engaged.
3. Press through your palms to extend your elbows and return to the starting position.
4. Repeat with controlled tempo for the desired number of repetitions.",Maintain neutral spine and steady breath,4,None,Warm up,,,
Kneeling Hip Flexor Stretch,10042,8bc9eb09-090c-f111-90e2-0ee5bce07997,Kneeling Hip Flexor Stretch: Release tight hip flexors and improve stride mechanics—tap to begin.,Kneeling Hip Flexor Stretch,All Ages,All,Flexibility / Stretching,Lower,Bodyweight,Beginner,Hip stiffness / limited hip mobility,2,20–30s,3–5,30–60 sec,Improves hip flexor flexibility and anterior hip mobility,"1. Kneel on one knee and step the opposite foot forward so the front knee sits above the ankle.
2. Tuck your pelvis and gently shift your hips forward until you feel a stretch in the front of the hip on the kneeling leg.
3. Keep your torso upright and avoid arching your lower back.
4. Hold for the desired time, then switch sides and repeat.",Keep ribcage down and posteriorly tilt pelvis before pressing hips forward,2.1,None,Cooldown,,,
PLANK,10043,8cc9eb09-090c-f111-90e2-0ee5bce07997,Forearm Plank: Build deep core endurance and spinal stability—tap to begin.,Forearm Plank,40–59,All,Strength,Core,Bodyweight,Beginner,Reduced core stability,2,20–30,6–8,60–90 sec,Builds core endurance and spinal stability,"1. Place forearms on the floor with elbows under shoulders and palms flat or hands clasped.
2. Extend legs behind you and press toes into the floor to form a straight line from head to heels.
3. Engage core and glutes to keep hips level and neck neutral.
4. Breathe steadily and hold the position for the desired duration.",Brace core and keep hips level with shoulders avoiding sagging lower back,3,"Hypertension, Coronary Artery Disease",Main workout,,,
Plank Shoulder Taps,10044,8dc9eb09-090c-f111-90e2-0ee5bce07997,Plank Shoulder Taps: Improve anti-rotation core strength and shoulder control—tap to begin.,Plank Shoulder Taps,All Ages,All,Mobility,Full,,,General joint stiffness (multi-joint / morning stiffness),2,8–12,5–7,60–90 sec,Supports joint range of motion and functional strength,"1. Stand tall with feet shoulder-width apart and arms by your sides.
2. Raise both arms straight overhead while keeping your torso upright.
3. Lower your arms back to your sides and bend your knees into a shallow squat, then stand up.",Maintain neutral spine and controlled movement,4,None,Warm up,,,
Prone Snow Angels,10045,8ec9eb09-090c-f111-90e2-0ee5bce07997,Reverse Snow Angels (Prone): Strengthen rear shoulders and postural muscles—tap to begin.,Reverse Snow Angels (Prone),All Ages,All,Mobility,Upper,Bodyweight,Beginner,Limited shoulder range of motion,2,8–12,4–6,30–60 sec,Enhances posterior shoulder mobility and upper back activation,"1. Lie face down with legs extended and forehead resting on the floor.
2. Extend arms overhead with palms down and keep your neck neutral.
3. Lift chest and arms slightly off the floor and sweep arms out to the sides and down toward your hips with elbows soft.
4. Reverse the motion to return arms overhead and lower your chest to the floor with control.",Keep neck neutral and glide shoulder blades together without shrugging,2.8,None,Warm up,,,
Puppy Pose,10046,8fc9eb09-090c-f111-90e2-0ee5bce07997,Puppy Pose: Lengthen the spine and open the shoulders—tap to begin.,Puppy  Pose,All Ages,All,Mobility,Upper,Bodyweight,Beginner,Limited shoulder range of motion,2,8–12,3–5,30–60 sec,Opens the chest and gently mobilizes the thoracic spine,"1. Start on hands and knees with hips over knees and arms extended forward.
2. Walk your hands forward while keeping your hips lifted over your knees.
3. Lower your chest toward the mat and rest your forehead or chin on the floor.
4. Relax your shoulders and breathe steadily while maintaining a long spine.",Keep hips over knees and lengthen spine while inhaling and exhaling slowly,4,None,Warm up,,,
Seated Ankle Circles,10047,90c9eb09-090c-f111-90e2-0ee5bce07997,Seated Ankle Circles: Improve ankle mobility and joint control—tap to begin.,Seated Ankle Circles,All Ages,All,Mobility,Lower,Bodyweight,Beginner,Ankle pain,2,8–12,1–3,15–30 sec,Improves ankle mobility and proprioception,"1. Sit tall on a chair or mat with one leg extended and the foot off the ground.
2. Point your toes and rotate your ankle slowly in a full clockwise circle.
3. Reverse the motion and rotate your ankle slowly counterclockwise.
4. Repeat for the other ankle with controlled, smooth movements.",Sit tall stabilize thigh and circle only the ankle with controlled movement,4,None,Warm up,,,
Russian Twist,10048,91c9eb09-090c-f111-90e2-0ee5bce07997,Russian Twists: Strengthen obliques with controlled trunk rotation—tap to begin.,Russian Twists ,40–59,All,Strength,Core,Bodyweight,Beginner,Lower back pain (non-specific),2,46376,6–8,45–60 sec,Strengthens obliques and rotational core control,"1. Sit on the floor with knees bent, feet flat, and lean back slightly to create a straight spine.
2. Clasp your hands together at chest level or hold a light weight with both hands.
3. Rotate your torso to the right and tap the floor beside your hip with your hands.
4. Rotate to the left and tap the floor beside your hip, keeping your feet grounded.",Keep chest lifted brace core rotate from torso and exhale on each twist,3.8,None,Main workout,,,
Quadruped Hip Extension,10049,92c9eb09-090c-f111-90e2-0ee5bce07997,Quadruped Hip Extension: Activate glutes without stressing the spine—tap to begin.,Quadruped Hip Extension,All Ages,All,Mobility,Lower,Bodyweight,Beginner,Lower back pain (non-specific),2,8–12,5–7,45–60 sec,Develops glute activation and hip extension control,"1. Get on hands and knees with shoulders over wrists and hips over knees.
2. Brace your core and keep a neutral spine.
3. Extend one leg straight back and up by driving the heel toward the ceiling.
4. Lower the leg with control to the starting position and repeat on the other side.",Maintain neutral spine squeeze glute to lift leg avoid arching the lower back,2.6,None,Warm up,,,
Reverse Lunges,10050,93c9eb09-090c-f111-90e2-0ee5bce07997,Reverse Lunges: Improve single-leg strength and knee stability—tap to begin.,Reverse Lunges,All Ages,All,Mobility,Full,,,General joint stiffness (multi-joint / morning stiffness),2,8–12,5–7,60–90 sec,Enhances body awareness and movement coordination,"1. Stand tall with feet hip-width apart and arms at your sides.
2. Lift one knee up toward hip height while keeping your torso upright.
3. Lower the foot back down with control and repeat on the other side.",Maintain neutral alignment move slowly and breathe through each controlled repetition,4,None,Warm up,,,
Seated Alternate Knee to Chest,10051,94c9eb09-090c-f111-90e2-0ee5bce07997,Seated Alternate Knee to Chest: Mobilize hips and engage lower abdominals—tap to begin.,Seated Alternate Knee to Chest,All Ages,All,Mobility,Full,,,General joint stiffness (multi-joint / morning stiffness),2,8–12,3–5,30–60 sec,Encourages gentle full body movement and preserves mobility,"1. Lie on your back with knees bent and feet flat on the floor.
2. Squeeze your glutes and lift your hips until your body forms a straight line.
3. Lower your hips slowly to the floor and reset for the next rep.",Keep spine neutral and breathe evenly,4,None,Warm up,,,
Seated Dumbbell Shoulder Press,10052,95c9eb09-090c-f111-90e2-0ee5bce07997,Seated Dumbbell Shoulder Press: Build shoulder pressing strength safely seated—tap to begin.,Seated Dumbbell Shoulder Press,All Ages,All,Mobility,Full,Dumbbell,Intermediate,General joint stiffness (multi-joint / morning stiffness),2,8–12,3–5,30–60 sec,Supports balance and coordination through controlled movements,"1. Stand with feet hip-width apart and arms at your sides.
2. Bend knees slightly and hinge at the hips while sweeping arms out to the sides and overhead.
3. Return to the starting position with control and repeat.",Brace your core and move slowly with controlled range,4,None,Warm up,,,
Seated Hip Opener Stretch,10053,96c9eb09-090c-f111-90e2-0ee5bce07997,Seated Hip Opener Stretch: Improve hip external rotation mobility—tap to begin.,Seated Hip Opener Stretch,All Ages,All,Mobility,Lower,Bodyweight,Beginner,Hip stiffness / limited hip mobility,2,10–15,4–6,30–45 sec,Increases hip flexibility and range of motion,"1. Sit tall on the edge of a chair with feet flat on the floor.
2. Place the ankle of one foot on the opposite knee while keeping your spine straight.
3. Press gently on the raised knee to open the hip and hinge forward from the hips.
4. Release, switch sides, and repeat the same steps.",Sit tall hinge gently from hips avoid lower back rounding,2,None,Warm up,,,
Seated Jacks,10054,97c9eb09-090c-f111-90e2-0ee5bce07997,Seated Jacks: Raise heart rate with low-impact coordination—tap to begin.,Seated Jacks,All Ages,All,Cardio,Full,Bodyweight,Beginner,Hip stiffness / limited hip mobility,2,15–20,5–7,30–45 sec,Raises heart rate for light cardiovascular benefit,"1. Sit near the front of a chair with knees together and hands holding the sides of the seat.
2. Open your legs outward while lifting your arms overhead in one smooth movement.
3. Close your legs together while lowering your arms back to the sides.
4. Continue the opening and closing motion in a steady, controlled rhythm.",Keep chest lifted shoulders relaxed and move with control,3.4,None,Warm up/Main workout,,,
Seated Marching Stomps,10055,98c9eb09-090c-f111-90e2-0ee5bce07997,Seated Marching Stomps: Improve seated hip strength and rhythm—tap to begin.,Seated Marching Stomps,All Ages,All,Mobility,Lower,Bodyweight,Beginner,Reduced core stability,2,20–30,4–6,30–45 sec,Enhances lower body circulation and leg muscle activation,"1. Sit upright at the front of a chair with feet flat and hands on the sides.
2. Lift your right knee toward your chest while keeping your back straight.
3. Lower the right foot and immediately lift the left knee in a marching rhythm.
4. Continue alternating knees at a steady pace while breathing evenly.",Maintain upright posture engage core and lift with control,3,None,Warm up,,,
Seated Forward Bend Stretch,10056,99c9eb09-090c-f111-90e2-0ee5bce07997,Seated Forward Bend Stretch: Stretch hamstrings and lower back gently—tap to begin.,Seated Forward Bend Stretch,All Ages,All,Mobility,Full,,,General joint stiffness (multi-joint / morning stiffness),2,8–12,3–5,30–60 sec,Promotes mobility and preserves functional movement,"1. Sit near the front of a chair with feet hip-width and hands on your thighs.
2. Lean forward slightly and push through your heels to stand up fully.
3. Sit back down slowly with control and repeat the movement.",Maintain a neutral spine,4,None,Warm up,,,
Seated Groin Stretch,10057,9ac9eb09-090c-f111-90e2-0ee5bce07997,Seated Groin Stretch: Improve inner thigh flexibility—tap to begin.,Seated Groin Stretch,All Ages,All,Mobility,Full,,,General joint stiffness (multi-joint / morning stiffness),2,8–12,3–5,30–60 sec,Improves posture awareness and core engagement while seated,"1. Sit upright with feet flat and hands resting on your knees.
2. Press your heels down and lift your toes and the balls of your feet off the floor.
3. Hold the lifted position briefly while keeping ankles steady.
4. Lower toes back down under control and repeat.",Breathe steadily throughout,4,None,Warm up,,,
Seated Marching,10058,9bc9eb09-090c-f111-90e2-0ee5bce07997,Seated Marching: Activate hip flexors in a seated position—tap to begin.,Seated Marching,All Ages,All,Mobility,Lower,Bodyweight,Beginner,Reduced core stability,2,12–20,4–6,30–45 sec,Improves coordination and timing between limbs during seated activity,"1. Sit tall on a chair with feet flat and hands on your thighs.
2. Lift your right knee toward your chest while keeping your torso stable.
3. Lower your right foot and immediately lift your left knee to the same height.
4. Continue alternating knees in a steady, controlled rhythm.",Sit tall and lift knees with controlled tempo,2.5,None,Warm up,,,
Seated Oblique Crunch,10059,9cc9eb09-090c-f111-90e2-0ee5bce07997,Seated Oblique Crunch: Strengthen side core muscles safely seated—tap to begin.,Seated Oblique Crunch,All Ages,All,Mobility,Full,,,General joint stiffness (multi-joint / morning stiffness),2,8–12,3–5,30–60 sec,Facilitates gentle activity for maintaining daily movement habits,"1. Sit upright on a chair with feet flat and hands resting on your thighs.
2. Engage your core and slowly lift both heels off the floor while keeping toes down.
3. Lower your heels back down with control and reset before the next repetition.",Relax shoulders away from ears,4,None,Warm up,,,
Seated Pelvic Tilt,10060,9dc9eb09-090c-f111-90e2-0ee5bce07997,Seated Pelvic Tilts: Improve pelvic control and lower-back mobility—tap to begin.,Seated Pelvic Tilts,All Ages,All,Mobility,Core,Bodyweight,Beginner,Reduced core stability,2,10–15,4–6,30–60 sec,Strengthens deep core muscles and promotes pelvic mobility,"1. Sit near the front edge of a chair with feet hip-width and knees bent.
2. Place your hands on your hips and exhale as you tilt your pelvis backward to flatten the lower back.
3. Inhale and return to a neutral spine without arching.
4. Repeat the tilt slowly and deliberately for the set.",Use lower abs to tilt pelvis,4,None,Warm up,,,
Seated Punches,10061,9ec9eb09-090c-f111-90e2-0ee5bce07997,Seated Punches: Engage shoulders and core with controlled punches—tap to begin.,Seated Punches,All Ages,All,Cardio,Upper,Bodyweight,Beginner,Shoulder pain (general),2,12–20,4–6,30–60 sec,Enhances shoulder mobility and light cardiovascular activity,"1. Sit tall at the edge of a chair with feet flat and hip-width apart.
2. Hold your hands in fists at chest level with elbows bent.
3. Extend your right arm forward in a controlled punch while rotating your torso slightly.
4. Retract the right hand and punch with the left arm, maintaining a steady rhythm.","Sit tall and brace your core, punch with control and exhale",3.2,None,Warm up/Main workout,,,
Seated Torso Rotation,10062,9fc9eb09-090c-f111-90e2-0ee5bce07997,Seated Torso Rotation: Improve trunk rotation mobility—tap to begin.,Seated Torso Rotation,All Ages,All,Mobility,Core,Bodyweight,Beginner,Thoracic stiffness (upper-back rigidity),2,10–15,3–5,30–60 sec,Improves spinal mobility and core engagement,"1. Sit upright with feet flat and knees hip-width apart.
2. Cross your arms over your chest or place hands on opposite shoulders.
3. Rotate your torso slowly to the right using your core while keeping hips facing forward.
4. Return to center and rotate to the left, repeating with controlled breathing.","Keep spine long, rotate from your ribs not your shoulders, control movement",2,None,Warm up,,,
Side Step Touch,10063,a0c9eb09-090c-f111-90e2-0ee5bce07997,Side Step Touch: Enhance lateral movement coordination—tap to begin.,Side Step Touch,All Ages,All,Cardio,Lower,Bodyweight,Beginner,Limited single-leg balance,2,20–30,4–6,30–60 sec,Improves lateral agility and light cardiovascular fitness,"1. Stand with feet together and knees slightly bent, hands relaxed at your sides.
2. Step your right foot out to the side and shift your weight onto it.
3. Bring your left foot to meet the right and tap lightly beside it.
4. Repeat the movement to the left, keeping an upright posture and steady pace.","Step with control, lead with hips, keep knees soft and chest upright",3.5,None,Warm up/Main workout,,,
Seated Side Bend,10064,a1c9eb09-090c-f111-90e2-0ee5bce07997,Seated Side Bend: Stretch lateral trunk muscles gently—tap to begin.,Seated Side Bend,All Ages,All,Flexibility / Stretching,Core,Bodyweight,Beginner,Lumbar stiffness / restricted spinal mobility,2,20–30s,3–5,30–45 sec,Enhances lateral trunk flexibility and range of motion,"1. Sit tall on a chair with feet flat and knees hip-width apart.
2. Place one hand on the seat and reach the other arm overhead.
3. Bend gently to the side without twisting the torso and feel the side lengthen.
4. Return to center and repeat on the opposite side.","Sit tall, hinge at the waist, reach over with relaxed shoulders",4,None,Cooldown,,,
Shallow Lunge,10065,a2c9eb09-090c-f111-90e2-0ee5bce07997,Shallow Lunge: Build quad strength with limited knee bend—tap to begin.,Shallow Lunge,All Ages,All,Mobility,Full,,,General joint stiffness (multi-joint / morning stiffness),2,8–12,3–5,30–60 sec,Supports overall mobility and functional movement,"1. Stand tall with feet hip-width apart and engage your core for nan.
2. Reach both arms overhead and lengthen through the sides.
3. Lean gently to one side if desired, then return to center.
4. Lower the arms and relax the shoulders.",Maintain neutral spine and breathe steadily throughout movement,4,None,Warm up,,,
Side-Lying Hip Adduction,10066,a3c9eb09-090c-f111-90e2-0ee5bce07997,Side Lying Hip Adduction: Strengthen inner thigh muscles—tap to begin.,Side Lying Hip Adduction,All Ages,All,Strength,Lower,Bodyweight,Beginner,Hip pain,2,12–15,5–7,45–60 sec,Strengthens inner thigh muscles and hip stability,"1. Lie on your side with the bottom leg straight and the top leg bent with foot flat in front.
2. Support your head with the top hand and keep your hips stacked.
3. Lift the bottom leg upward toward the top leg using the inner thigh.
4. Lower the bottom leg with control and repeat.",Keep hips stacked and engage inner thigh to lift with controlled motion,4,None,Main workout,,,
Side bends with arms up,10067,a4c9eb09-090c-f111-90e2-0ee5bce07997,Side Bends with Arms Up: Lengthen the side body with overhead reach—tap to begin.,Side bends with arms up,All Ages,All,Mobility,Full,,,General joint stiffness (multi-joint / morning stiffness),2,8–12,3–5,30–60 sec,Promotes general movement confidence and daily activity participation,"1. Stand with feet hip-width apart and arms relaxed at your sides.
2. Bend knees slightly and hinge at the hips while keeping your back flat.
3. Push through your heels to return to standing and squeeze your glutes at the top.",Maintain a neutral spine and steady breathing throughout the movement,4,None,Warm up,,,
Side-to-Side Hops,10068,a5c9eb09-090c-f111-90e2-0ee5bce07997,Side-to-Side Hops: Improve lateral agility and foot speed—tap to begin.,Side-to-Side Hops ,40–59,All,Cardio,Lower,Bodyweight,Beginner,Limited single-leg balance,2,15–20,5–7,60–90 sec,Improves lateral power and coordination with reduced joint impact,"1. Stand with feet hip-width apart and bend your knees slightly.
2. Shift weight to one foot and step or perform a small hop to the side, landing softly.
3. Push off and move to the opposite side with a soft landing and controlled rhythm.",Land softly through midfoot and bend knees to absorb impact,4.25,"Obesity / Overweight, Osteoarthritis",Warm up/Main workout,,,
Single-leg stand,10069,a6c9eb09-090c-f111-90e2-0ee5bce07997,Single Leg Stand: Improve balance and ankle stability—tap to begin.,Single Leg Stand,40–59,All,Balance & Stability,Lower,Bodyweight,Beginner,Limited single-leg balance,2,30–60,2–4,15–30 sec,Enhances single leg balance and proprioceptive control,"1. Stand tall and shift your weight onto one foot, lifting the other foot slightly off the ground.
2. Keep a soft knee and engage your core while holding your arms out for balance.
3. Hold the position for the desired time, then lower the lifted foot and repeat on the other side.",Keep standing knee slightly soft and hips level while engaging core,4,Sarcopenia,Main workout,,,
Side-Lying Oblique Crunch,10070,a7c9eb09-090c-f111-90e2-0ee5bce07997,Side-Lying Oblique Crunch: Target obliques in a supported position—tap to begin.,Side-Lying Oblique Crunch,All Ages,All,Mobility,Full,,,General joint stiffness (multi-joint / morning stiffness),2,8–12,3–5,30–60 sec,Maintains general fitness and movement variability,"1. Stand with feet hip-width apart and arms relaxed.
2. Hinge at the hips and lower your torso toward the floor.
3. Keep a slight bend in the knees and hold for a moment.
4. Drive through the heels to return to standing.",Control tempo and avoid collapsing through the torso by bracing the core,4,None,Warm up,,,
Standing Banded Row,10071,a8c9eb09-090c-f111-90e2-0ee5bce07997,Standing Banded Row: Strengthen upper back and improve posture—tap to begin.,Standing Banded Row,All Ages,All,Mobility,Full,,,General joint stiffness (multi-joint / morning stiffness),2,8–12,3–5,30–60 sec,Promotes general movement and body awareness,"1. Stand tall with feet shoulder-width apart and hands at your sides.
2. Bend at the hips and knees to lower into a squat.
3. Keep your chest up and weight on your heels.
4. Push through your heels to stand and squeeze your glutes.",Keep a neutral spine and breathe steadily,4,None,Warm up,,,
Slow Mountain Climbers,10072,a9c9eb09-090c-f111-90e2-0ee5bce07997,Mountain Climbers (Slow): Build core endurance with controlled tempo—tap to begin.,Mountain Climbers (slow),40–59,All,Mobility,Full,Bodyweight,Beginner,Reduced core stability,2,12–20,6–8,60–90 sec,Builds core stability and upper body endurance,"1. Place your hands on a stable elevated surface and walk your feet back into a plank.
2. Brace your core and lift one knee slowly toward your chest.
3. Return the foot to the starting position with control.
4. Repeat with the other leg, alternating slowly and steadily.",Keep hips low and stable with shoulders stacked over wrists and controlled leg movement,5,None,Warm up,,,
Standing Hamstring Curl,10073,aac9eb09-090c-f111-90e2-0ee5bce07997,Standing Hamstring Curl: Activate hamstrings in upright position—tap to begin.,Standing Hamstring Curl ,All Ages,All,Mobility,Lower,Bodyweight,Beginner,Limited single-leg balance,2,12–15,3–5,30–60 sec,Improves hamstring activation and knee joint control,"1. Stand tall with feet hip-width apart and use a chair or wall for balance.
2. Shift weight onto one leg and bend the opposite knee, bringing the heel toward your glute.
3. Squeeze the back of the thigh and buttock as you lift the heel.
4. Lower the foot with control and repeat, then switch legs.",Stand tall hinge slightly at the hips flex knee slowly with control,2.8,None,Warm up,,,
Standing chest stretch,10074,abc9eb09-090c-f111-90e2-0ee5bce07997,Standing Chest Stretch: Open chest muscles and improve shoulder alignment—tap to begin.,Standing chest stretch,All Ages,All,Flexibility / Stretching,Upper,Bodyweight,Beginner,Poor posture (rounded shoulders / forward head),2,20–30s,2–4,30–60 sec,Improves chest flexibility and shoulder range of motion,"1. Stand in a doorway and place your forearms or palms on the door frame at shoulder height.
2. Step one foot forward and gently lean your chest forward through the doorway.
3. Keep your shoulders down and feel a stretch across the chest.
4. Breathe steadily, hold briefly, then return to the starting position.",Keep spine neutral retract shoulder blades slightly avoid arching the lower back,4,None,Cooldown,,,
Standing Quadriceps Stretch,10075,acc9eb09-090c-f111-90e2-0ee5bce07997,Quad Stretch (Standing): Improve front-thigh flexibility—tap to begin.,Quad Stretch (Standing),All Ages,All,Flexibility / Stretching,Lower,Bodyweight,Beginner,Knee pain (general / chronic),2,20–30s,2–4,30–60 sec,Enhances quadriceps flexibility and knee mobility,"1. Stand tall and hold a wall or chair for balance.
2. Bend one knee and reach back to grasp your ankle or foot.
3. Pull the heel gently toward your glute while keeping knees close together.
4. Keep your torso upright, hold briefly, then release and switch sides.",Keep knees aligned tuck pelvis slightly stand tall and breathe into the stretch,4,None,Cooldown,,,
Standing Heel Raises,10076,adc9eb09-090c-f111-90e2-0ee5bce07997,Standing Heel Raises: Strengthen calf muscles and ankle support—tap to begin.,Standing Heel Raises,All Ages,All,Strength,Lower,Bodyweight,Beginner,Ankle instability / recurrent sprains,2,12–15,6–8,60–90 sec,Strengthens calf muscles and enhances ankle stability,"1. Stand tall with feet hip-width apart and hands lightly on a chair or wall for balance.
2. Press through the balls of your feet and lift both heels as high as possible.
3. Pause briefly at the top while keeping your ankles stable.
4. Lower your heels slowly back to the starting position.",Rise slowly through midfoot keeping spine long and knees soft,3,None,Main workout,,,
Standing Calf Stretch,10077,aec9eb09-090c-f111-90e2-0ee5bce07997,Standing Calf Stretch: Improve calf flexibility and ankle mobility—tap to begin.,Standing Calf Stretch,All Ages,All,Flexibility / Stretching,Lower,Bodyweight,Beginner,Ankle pain,2,20–30s,2–4,30–60 sec,Improves calf flexibility and ankle range of motion,"1. Stand facing a wall and place your hands on it at shoulder height.
2. Step one foot back with the heel flat and the front knee slightly bent.
3. Lean forward until you feel a stretch in the back calf.
4. Hold the stretch, then switch legs and repeat.",Keep back heel down and hips squared maintain upright posture,4,None,Cooldown,,,
Superman,10078,afc9eb09-090c-f111-90e2-0ee5bce07997,Superman Hold: Strengthen lower-back extensors—tap to begin.,Superman Hold,All Ages,All,Strength,Core,Bodyweight,Beginner,Lower back pain (non-specific),2,15–30 seconds,5–7,60–90 sec,Builds posterior chain strength and back endurance,"1. Lie face down with arms extended overhead and legs straight.
2. Simultaneously lift your arms, chest, and legs a few inches off the ground while keeping your neck neutral.
3. Hold the elevated position for the chosen time, then lower down with control.",Lift using glutes and scapular retraction keep neck neutral,2.6,"Hypertension, Coronary Artery Disease",Main workout,,,
Supine Heel Slides,10079,b0c9eb09-090c-f111-90e2-0ee5bce07997,Supine Heel Slides: Improve knee mobility and quadriceps activation—tap to begin.,Supine Heel Slides,All Ages,All,Mobility,Lower,Bodyweight,Beginner,Knee injury (ACL / meniscus / post-surgery),2,10–15,3–5,30–60 sec,Improves knee mobility and hip control during movement,"1. Lie on your back with knees bent and feet flat on the floor.
2. Tighten your abdominal muscles and slowly slide one heel away until the leg straightens.
3. Pull the heel back to the starting position while keeping your core engaged.
4. Repeat with the other leg.",Slide heel slowly while keeping lower back on floor and core engaged,4,None,Warm up,,,
Standing Lateral Line Stretch,10080,b1c9eb09-090c-f111-90e2-0ee5bce07997,Standing Lateral Line Stretch: Stretch outer hip and torso line—tap to begin.,Standing Lateral Line Stretch,All Ages,All,Flexibility / Stretching,Core,Bodyweight,Beginner,Thoracic stiffness (upper-back rigidity),2,20–30s,2–4,30–60 sec,Enhances lateral trunk flexibility and side body mobility,"1. Stand tall with feet hip-width apart and arms at your sides.
2. Reach one arm overhead and lean to the opposite side until you feel a stretch along the side of your torso.
3. Return to center and repeat on the other side.",Reach sideways from the ribs keeping hips stacked and core braced,4,None,Cooldown,,,
Supine Heel Touch,10081,b2c9eb09-090c-f111-90e2-0ee5bce07997,Supine Heel Taps: Engage lower core with controlled heel taps—tap to begin.,Supine Heel Taps,All Ages,All,Mobility,Core,Bodyweight,Beginner,Lower back pain (non-specific),2,12–20,4–6,30–60 sec,Enhances core stability and pelvic control,"1. Lie on your back with knees bent and feet flat on the floor.
2. Lift one foot a few inches off the ground and tap the heel lightly on the floor while keeping the other foot planted.
3. Return the lifted foot to the starting position and immediately lift and tap the other heel.
4. Continue alternating taps at a controlled pace while keeping your core engaged.",Keep low back gently pressed to the mat during taps,2.1,Sleep Apnea,Warm up,,,
Standing Weight Shift Supported,10082,b3c9eb09-090c-f111-90e2-0ee5bce07997,Standing Weight Shift (Supported): Improve balance and weight transfer control—tap to begin.,Standing Weight Shift (Supported),All Ages,All,Balance & Stability,Lower,Bodyweight,Beginner,Limited single-leg balance,2,10–15,3–5,30–60 sec,Improves balance and weight distribution during standing movements,"1. Stand with feet hip-width apart and knees soft.
2. Shift your weight slowly onto one foot by pushing hips toward that side.
3. Return to center and repeat to the other side for desired reps.",Keep hips level and knees soft as you shift weight,2.6,None,Main workout,,,
Sumo Squat,10083,b4c9eb09-090c-f111-90e2-0ee5bce07997,Sumo Squat: Strengthen inner thighs and glutes—tap to begin.,Sumo Squat,40–59,All,Strength,Lower,Bodyweight,Beginner,Knee pain (general / chronic),2,8–12,6–8,60–90 sec,Strengthens hips and glutes while improving lower body mobility,"1. Stand with a wide stance and toes turned outward.
2. Bend knees and lower hips straight down until thighs are parallel or at a comfortable depth.
3. Keep chest up and knees tracking over toes while holding the position.
4. Press through heels to return to standing and repeat.",Drive knees outward to track over toes and keep chest tall,4.2,None,Main workout,,,
Tandem Stance,10084,b5c9eb09-090c-f111-90e2-0ee5bce07997,Tandem Stance: Challenge balance with a narrow base—tap to begin.,Tandem Stance ,40–59,All,Balance & Stability,Lower,Bodyweight,Beginner,Limited single-leg balance,2,3–5,3–5,30–60 sec,Enhances static balance and proprioceptive awareness,"1. Stand tall and place one foot directly in front of the other with heel touching toe.
2. Engage your core and keep eyes forward while maintaining balance.
3. Hold the position for the desired time, then switch feet and repeat.",Keep hips square and core braced while breathing evenly,4,Hypertension,Main workout,,,
Triceps Dips chair,10085,b6c9eb09-090c-f111-90e2-0ee5bce07997,Triceps Dips (Chair): Strengthen triceps using chair support—tap to begin.,Triceps Dips(chair),40–59,All,Strength,Upper,Bodyweight,Beginner,Shoulder pain (general),2,8–12,6–8,60–90 sec,Builds triceps strength and improves upper body pushing endurance,"1. Sit on the edge of a stable chair with your hands gripping the edge beside your hips.
2. Slide forward so your hips clear the chair and your knees bend at about 90 degrees.
3. Lower your body by bending your elbows until they reach about 90 degrees while keeping your back close to the chair.
4. Push through your palms to straighten your arms and return to the starting position.",Keep shoulders down and back and lower slowly with control,4.5,None,Main workout,,,
Thread the Needle,10086,b7c9eb09-090c-f111-90e2-0ee5bce07997,Thread the Needle: Improve thoracic spine rotation—tap to begin.,Thread the Needle,All Ages,All,Mobility,Upper,Bodyweight,Beginner,Thoracic stiffness (upper-back rigidity),2,8–12,2–4,30–60 sec,Increases thoracic mobility and shoulder range of motion,"1. Start on all fours with hands under shoulders and knees under hips.
2. Reach your right arm up toward the ceiling and rotate your torso.
3. Thread your right arm under your left arm and lower your right shoulder and ear toward the floor.
4. Slide your right hand forward, then press through the left hand to rotate back and repeat on the other side.",Keep hips square and move from the thoracic spine not the lower back,4,None,Warm up,,,
Towel Row Pole,10087,b8c9eb09-090c-f111-90e2-0ee5bce07997,Towel Row (Pole): Build pulling strength using bodyweight resistance—tap to begin.,Towel Row (Pole),40–59,All,Mobility,Full,,,General joint stiffness (multi-joint / morning stiffness),2,10–12,3–5,30–60 sec,Encourages mindful movement and body awareness,"1. Stand tall with feet hip-width apart and shoulders relaxed.
2. Bend your knees and push your hips back to lower into a shallow squat.
3. Drive through your heels to stand up and squeeze your glutes at the top.",Maintain neutral spine and controlled breathing throughout the movement,4,None,Warm up,,,
Wall Support March,10088,b9c9eb09-090c-f111-90e2-0ee5bce07997,Wall-Supported March: Improve upright marching stability—tap to begin.,Wall-Supported March,60+,All,Balance & Stability,Lower,Bodyweight,Beginner,Limited single-leg balance,2,10–15,4–6,30–60 sec,Improves balance and hip flexor activation during controlled marching movements,"1. Stand facing a wall with feet hip-width apart and hands lightly on the wall.
2. Shift weight onto one leg and lift the opposite knee toward hip height.
3. Lower the lifted foot back to the floor with control.
4. Alternate legs in a steady marching rhythm while keeping posture tall.",Keep pelvis level and core braced while marching slowly with controlled breaths,2.3,None,Main workout,,,
Warrior 1 pose Yoga,10089,bac9eb09-090c-f111-90e2-0ee5bce07997,Warrior I Pose (Yoga): Build lower-body strength with overhead reach—tap to begin.,Warrior I pose (Yoga),40–59,All,Flexibility / Stretching,Full,Bodyweight,Beginner,Hip stiffness / limited hip mobility,2,20–30s,3–5,30–60 sec,Builds lower body strength while promoting hip extension and upright posture,"1. Step one foot forward into a lunge and plant the back foot at a 45-degree angle.
2. Bend the front knee so it stays above the ankle and square the hips to face forward.
3. Extend both arms overhead and lengthen through the spine.
4. Press through the front heel to hold or rise, then switch sides to repeat.",Square hips to front and press through the back heel while lifting the chest,2.8,None,Cooldown,,,
Wrist Flexor Stretch,10090,bbc9eb09-090c-f111-90e2-0ee5bce07997,Wrist Flexor Stretch: Release forearm tightness and improve wrist mobility—tap to begin.,Wrist Flexor Stretch,All Ages,All,Flexibility / Stretching,Upper,Bodyweight,Beginner,Wrist pain / limited wrist mobility,2,20–30s,1–3,30–60 sec,Enhances wrist and forearm flexibility and reduces tightness,"1. Extend one arm forward at shoulder height with the palm facing up.
2. Use the opposite hand to gently pull the fingers and palm down toward the body until a stretch is felt in the forearm.
3. Hold briefly, release, and repeat on the other arm.",Keep elbow straight and gently pull fingers back until a mild stretch,4,None,Cooldown,,,
Wrist Circles,10091,bcc9eb09-090c-f111-90e2-0ee5bce07997,Wrist Circles: Improve wrist joint mobility before loading—tap to begin.,Wrist Circles,All Ages,All,Mobility,Upper,Bodyweight,Beginner,Wrist pain / limited wrist mobility,2,10–15,2–4,15–30 sec,Enhances wrist mobility and proprioceptive awareness,"1. Extend one arm forward at shoulder height with fingers relaxed.
2. Make a loose fist and rotate your wrist slowly in full circles.
3. Reverse the direction and rotate your wrist slowly in full circles.
4. Repeat the same motions with the other wrist.",Keep wrists neutral and move slowly through full range,4,None,Warm up,,,
Warrior 2 pose Yoga,10092,bdc9eb09-090c-f111-90e2-0ee5bce07997,Warrior II Pose (Yoga): Strengthen legs while improving hip openness—tap to begin.,Warrior 2 pose (Yoga ),All Ages,All,Flexibility / Stretching,Full,Bodyweight,Beginner,Knee pain (general / chronic),2,20–30s,3–6,30–60 sec,Builds lower body strength and improves balance and hip stability,"1. Stand with feet wide apart and turn your front foot 90 degrees.
2. Bend the front knee until it aligns over the ankle.
3. Extend both arms out to the sides at shoulder height with palms facing down.
4. Gaze over the front hand and hold the position, then switch sides.",Keep front knee tracking over the second toe and chest lifted,2.5,None,Cooldown,,,
Dumbbell Sumo Squat,10093,df389131-2812-f111-90e2-0ee5bce07997,Dumbbell Sumo Squat: Add resistance to inner-thigh focused squats—tap to begin.,Dumbbell Sumo Squat,All Ages,All,Strength,Lower,Bodyweight,Intermediate,"Acute Knee Pain / Knee Injury, Hip Pain (moderate–severe), Acute Low Back Pain",3,8-12,6-8,60-90 sec,Strengthens inner thighs and glutes while improving lower-body stability.,"1. Stand with feet wider than shoulder-width and hold a dumbbell vertically with both hands.
2. Lower into a squat by bending hips and knees while keeping chest upright.
3. Push through heels to return to standing position.",Keep chest tall and knees tracking over toes.,5.5,Recent Hip or Knee Surgery,Main workout,,,
Goblet Squat,10094,220d083a-2812-f111-90e2-0ee5bce07997,Goblet Squat: Improve squat depth with front-loaded support—tap to begin.,Goblet Squat,All Ages,All,Strength,Lower,Bodyweight,Intermediate,"Acute Knee Pain / Knee Injury, Acute Low Back Pain, Hip Pain (moderate–severe)",3,8-12,6-8,60-90 sec,Builds full lower-body strength and core engagement.,"1. Hold a dumbbell vertically at chest level with feet shoulder-width apart.
2. Lower into a squat by bending hips and knees while keeping chest upright.
3. Push through heels to return to standing.",Sit back into heels and keep spine neutral.,5.5,Recent Knee or Hip Surgery,Main workout,,,
Dumbbell Rear Delt Fly seated,10095,59740041-2812-f111-90e2-0ee5bce07997,Dumbbell Rear Delt Fly Seated: Target rear delts for balanced shoulder strength—tap to begin.,Dumbbell Rear Delt Fly seated,All Ages,All,Strength,Upper,Dumbbell,Intermediate,"Acute Shoulder Impingement, Acute Rotator Cuff Tear, Acute Low Back Pain",2,10-15,6-7,45–75 sec,Strengthens rear shoulders and improves posture.,"1. Sit on a bench holding dumbbells and hinge forward at the hips with a neutral spine.
2. Raise arms out to the sides with a slight elbow bend, squeezing shoulder blades.
3. Lower the dumbbells slowly back to the starting position.",Keep back straight and avoid swinging the weights.,4.5,"Recent Shoulder Surgery, Severe Shoulder Arthritis (flare-up)",Main workout,,,
Standing Knee Drive,10096,2a392b48-2812-f111-90e2-0ee5bce07997,Standing Knee Drive: Improve hip power and coordination—tap to begin.,Standing Knee Drive,All Ages,All,Cardio,Lower,Bodyweight,Beginner,"Acute Knee Pain / Knee Injury, Hip Pain (moderate–severe), Ankle Instability (acute)",8,10–15 per side,5–7,30–60 sec,Enhances hip flexor strength and balance.,"1. Stand tall with feet hip-width apart and core engaged.
2. Drive one knee toward chest while balancing on the opposite leg.
3. Lower with control and alternate sides rhythmically.",Engage core and avoid leaning backward.,4.5,"Severe Balance Disorders, Uncontrolled Cardiac Conditions",Warm up/Main workout,,,
Inner Range Quad,10097,2b392b48-2812-f111-90e2-0ee5bce07997,Inner Range Quad: Strengthen quadriceps in terminal knee range—tap to begin.,Inner Range Quad,All Ages,All,Strength,Lower,Bodyweight,Beginner,"Acute Knee Pain (severe), Acute Patellar Tendon Injury",2,12–15 per side,3-5,30–45 sec,Activates and strengthens inner quadriceps for knee stability.,"1. Lie on your back with a rolled towel under one knee.
2. Straighten the knee by lifting the foot until the leg is fully extended.
3. Lower slowly back to the starting position.",Keep knee aligned and move in a controlled range.,2.5,"Recent Knee Surgery (early phase), Acute Ligament Tear",Main workout,,,
Elbow Circles,10098,2c392b48-2812-f111-90e2-0ee5bce07997,Elbow Circles: Improve elbow joint mobility and control—tap to begin.,Elbow Circles,All Ages,All,Mobility,Upper,Bodyweight,All,"Acute Elbow Pain, Acute Shoulder Impingement",1-2,10–15 circles each direction,2–3,30 sec,Improves shoulder mobility and joint lubrication.,"1. Stand tall with hands placed lightly on your shoulders.
2. Move elbows in slow circular motions forward.
3. Reverse direction and repeat with control.",Keep movements slow and pain-free.,2.3,"Recent Elbow Surgery, Severe Shoulder Arthritis (flare-up)",Warm up,,,
Tibialis Raises Wall Lean,10099,d621dc4f-2812-f111-90e2-0ee5bce07997,Tibialis Raises Wall Lean: Strengthen shin muscles and ankle control—tap to begin.,Tibialis Raises Wall Lean,All Ages,All,Strength,Lower,Bodyweight,"Beginner,Intermediate","Acute Ankle Pain, Severe Shin Splints",2,12-15,4-6,30–45 sec,Strengthens shin muscles and supports ankle stability.,"1. Stand with your back against a wall and feet slightly forward.
2. Lift your toes toward your shins while keeping heels on the ground.
3. Lower the toes slowly back to the starting position.",Keep heels grounded and lift toes with control.,3,"Recent Ankle Surgery, Acute Stress Fracture in the Lower Leg",Main workout,,,
Wall Push-Ups,10100,d721dc4f-2812-f111-90e2-0ee5bce07997,Wall Push-Ups: Build chest and arm strength with wall support—tap to begin.,Wall Push-Ups,All Ages,All,Strength,Upper,Bodyweight,Beginner,"Acute Shoulder Pain, Acute Wrist Pain",2,8–12,4-5,45–60 sec,Builds upper-body strength with low joint stress.,"1. Stand facing a wall with hands placed on the wall at shoulder height and shoulder-width apart.
2. Bend your elbows and lean your chest toward the wall while keeping your body in a straight line.
3. Push through your hands to straighten the arms and return to the starting position.",Keep body straight and avoid sagging hips.,3,"Recent Shoulder Surgery, Severe Shoulder Arthritis (flare-up)",Main workout,,,
Table Slide Flexion,10101,d821dc4f-2812-f111-90e2-0ee5bce07997,Table Slide Flexion: Improve shoulder flexion mobility safely—tap to begin.,Table Slide Flexion,All Ages,All,Mobility,Upper,Bodyweight,Beginner,"Acute Shoulder Pain, Acute Shoulder Impingement",2,8–12,2-3,30 sec,Improves shoulder flexion range of motion and joint mobility,"1. Sit facing a table with your hands resting on the surface and elbows slightly bent.
2. Slide your hands forward along the table while lowering your chest toward the floor.
3. Return slowly to the starting position with control.",Slide gently without forcing into pain.,2.2,"Recent Shoulder Surgery, Acute Rotator Cuff Tear",Main workout,,,
World's Greatest Stretch,10102,0a4e3e59-2812-f111-90e2-0ee5bce07997,"World's Greatest Stretch: Mobilize hips, hamstrings, and thoracic spine—tap to begin.",World's Greatest Stretch,All Ages,All,Mobility,Full,Bodyweight,"Intermediate, Advance","Acute Knee Pain, Acute Hip Pain",2,6–8 per side,3-4,30–45 sec,Enhances full-body mobility and hip flexibility.,"1. Step one foot forward into a deep lunge with both hands on the floor inside the front foot.
2. Rotate your torso and reach one arm upward toward the ceiling.
3. Return the hand to the floor, step back, and repeat on the other side.",Move slowly and keep front knee aligned.,3,"Recent Hip Surgery, Severe Balance Disorders",Cooldown,,,
Lateral Toe Taps,10103,dabb2081-2812-f111-90e2-0ee5bce07997,Lateral Toe Taps: Improve lateral footwork coordination—tap to begin.,Lateral Toe Taps,All Ages,All,Balance & Stability,Lower,Bodyweight,All,"Acute Knee Pain, Ankle Instability (acute)",2,12–15 alternating taps,4-6,30–45 sec,Boosts coordination and lateral hip activation.,"1. Stand tall with feet hip-width apart and hands on hips or by your sides.
2. Tap one foot out to the side while keeping most of your weight on the standing leg.
3. Bring the foot back to center and alternate sides in a steady rhythm",Stay light on feet and keep core engaged.,3.5,"Severe Balance Disorders, Recent Ankle Surgery",Main workout,,,
Heel Digs,10104,dbbb2081-2812-f111-90e2-0ee5bce07997,Heel Digs: Activate hamstrings with rhythmic stepping—tap to begin.,Heel Digs,All Ages,All,Cardio,Lower,Bodyweight,Beginner,"Acute Hamstring Strain, Acute Knee Pain",2,20–30 alternating digs,4-5,30–45 sec,Activates hamstrings and improves lower-body coordination.,"1. Stand tall with feet hip-width apart and arms relaxed by your sides.
2. Extend one heel forward and lightly tap it on the floor while keeping the toe lifted.
3. Return to the starting position and alternate sides rhythmically.",Keep chest upright and land softly on heel.,3,"Severe Balance Disorders, Recent Hamstring Surgery",Warm up/Main workout,,,
Plank Saw,10105,d37aab87-2812-f111-90e2-0ee5bce07997,Plank Saw: Increase core tension with forward-back plank shifts—tap to begin.,Plank Saw,All Ages,All,Strength,Core,Bodyweight,"Intermediate, Advance","Acute Shoulder Pain, Acute Low Back Pain",2-3,10–15 controlled slides,6–7,45–60 sec,Strengthens core stability and shoulder endurance.,"1. Start in a forearm plank position with body in a straight line.
2. Slowly shift your body forward and backward while maintaining a strong plank.
3. Continue the controlled rocking motion without letting the hips drop.",Maintain neutral spine and avoid hip sag.,4.5,"Recent Abdominal Surgery, Severe Shoulder Arthritis",Main workout,,,
Dumbbell Front Raise,10106,d47aab87-2812-f111-90e2-0ee5bce07997,Dumbbell Front Raise: Strengthen anterior delts with controlled lift—tap to begin.,Dumbbell Front Raise,All Ages,All,Strength,Upper,Dumbbell,All,"Acute Shoulder Pain, Shoulder Impingement",2–3,10–12,5–7,45–60 sec,Strengthens front shoulders and improves arm control.,"1. Stand tall holding a dumbbell in each hand with arms resting in front of your thighs.
2. Raise the dumbbells forward to shoulder height with a slight bend in the elbows.
3. Lower the weights slowly back to the starting position with control.",Lift to shoulder height without arching back.,4,"Recent Shoulder Surgery, Severe Shoulder Arthritis (flare-up)",Main workout,,,
Lying Toe Taps,10107,d57aab87-2812-f111-90e2-0ee5bce07997,Lying Toe Taps: Strengthen lower abdominals with controlled leg taps—tap to begin.,Lying Toe Taps,All Ages,All,Strength,Core,Bodyweight,Beginner,"Acute Low Back Pain, Hip Flexor Strain",2–3,10–15 alternating taps,4–5,30–45 sec,Builds lower abdominal strength and pelvic control.,"1. Lie on your back with hips and knees bent at 90 degrees and arms by your sides.
2. Lower one foot to lightly tap the floor while keeping the core engaged.
3. Return to the starting position and alternate legs with control.",Keep lower back pressed into the floor.,3,"Recent Abdominal Surgery, Lumbar Disc Herniation (acute phase)",Main workout,,,
Quadruped Rocking,10108,6380029b-2812-f111-90e2-0ee5bce07997,Quadruped Rocking: Improve hip mobility in a supported position—tap to begin.,Quadruped Rocking,All Ages,All,Mobility,Full,Bodyweight,Beginner,"Acute Wrist Pain, Acute Knee Pain",2,8–12,2–3,30–45 sec,Improves hip mobility and core coordination.,"1. Start on all fours with hands under shoulders and knees under hips.
2. Slowly rock your hips backward toward your heels while keeping arms extended.
3. Return to the starting position with control and repeat.",Keep spine neutral and move within comfort.,2.3,"Recent Knee Surgery, Acute Lumbar Disc Herniation",Main workout,,,
Standing Punch Across Boxing Stance,10109,6480029b-2812-f111-90e2-0ee5bce07997,Standing Punch Across Boxing Stance: Train rotational power and core control—tap to begin.,Standing Punch Across Boxing Stance,All Ages,All,Cardio,Full,Bodyweight,Beginner,"Acute Shoulder Pain, Acute Elbow Pain",2–3,20–30 punches alternating,5–7,30–45 sec,Enhances core rotation and upper-body endurance.,"1. Stand in a staggered boxing stance with knees slightly bent and hands up near your chin.
2. Rotate your torso and extend one arm across your body in a controlled punching motion.
3. Retract the arm and alternate punches while maintaining your stance.","Rotate through torso, not just the arms.",4.5,"Recent Shoulder Surgery, Severe Balance Disorders",Warm up/Main workout,,,
Scaption Thumbs Up,10110,6580029b-2812-f111-90e2-0ee5bce07997,Scaption Thumbs Up: Strengthen shoulders in a safe lifting plane—tap to begin.,Scaption Thumbs Up,All Ages,All,Strength,Upper,Bodyweight,Beginner,"Acute Shoulder Pain, Acute Shoulder Impingement",2,10–12,3–5,30–45 sec,Strengthens shoulder stabilizers and supports joint health.,"1. Stand tall with arms at your sides and thumbs pointing upward.
2. Raise your arms diagonally forward at about a 30–45° angle from your body.
3. Lower the arms slowly back to the starting position with control.",Raise arms at 45° with thumbs pointing up.,3,"Recent Shoulder Surgery, Acute Rotator Cuff Tear","Warm up, Main workout",,,
Standing Torso Rotation,10111,6680029b-2812-f111-90e2-0ee5bce07997,Standing Torso Rotation: Improve controlled trunk rotation—tap to begin.,Standing Torso Rotation,All Ages,All,Mobility,Core,Bodyweight,Beginner,"Acute Low Back Pain, Acute Hip Pain",1-2,10–12 rotations each side,2–3,30–45 sec,Improves spinal mobility and core activation.,"1. Stand tall with feet hip-width apart and arms extended in front of you.
2. Rotate your torso gently to one side while keeping hips facing forward.
3. Return to center and rotate to the opposite side with control.",Rotate gently without twisting knees.,2.5,"Recent Spinal Surgery, Acute Lumbar Disc Herniation",Warm up,,,
Wall Sit,10112,94b121a5-2812-f111-90e2-0ee5bce07997,Wall Sit: Build quadriceps endurance with a static hold—tap to begin.,Wall Sit,All Ages,All,Strength,Lower,Bodyweight,Beginner,"Acute Knee Pain, Acute Hip Pain",2-3,20–40 sec hold,5–7,45–60 sec,Builds isometric strength in quads and glutes.,"1. Stand with your back against a wall and feet about shoulder-width apart.
2. Slide down the wall until your knees are bent roughly 90 degrees.
3. Hold the position while keeping your back flat against the wall.",Keep knees at 90° and back flat against wall.,4,"Recent Knee Surgery, Severe Knee Osteoarthritis flare-up",Main workout,,,
Reverse Plank Tabletop,10113,5304bbd4-2812-f111-90e2-0ee5bce07997,Reverse Plank Tabletop: Strengthen posterior chain and shoulder stability—tap to begin.,Reverse Plank Tabletop,All Ages,All,Strength,Core,Bodyweight,"Intermediate, Advance","Acute Wrist Pain, Acute Shoulder Pain",2-3,15–30 sec hold,5–7,45–60 sec,Strengthens posterior chain and opens chest.,"1. Sit with knees bent, feet flat, and hands placed behind you on the floor.
2. Press through your hands and feet to lift your hips until the torso forms a tabletop position.
3. Hold briefly while keeping shoulders open and hips lifted.",Keep hips lifted and shoulders away from ears.,4,"Recent Shoulder Surgery, Severe Wrist Arthritis",Main workout,,,
Seated Hamstring Stretch,10114,5404bbd4-2812-f111-90e2-0ee5bce07997,Seated Hamstring Stretch: Improve back-of-thigh flexibility—tap to begin.,Seated Hamstring Stretch,All Ages,All,Flexibility / Stretching,Lower,Bodyweight,Beginner,"Acute Hamstring Strain, Acute Low Back Pain",1-2,20–30 sec hold per side,2–3,30 sec,Improves hamstring flexibility and reduces stiffness.,"1. Sit on the floor with one leg extended and the other foot placed near the inner thigh.
2. Lean forward from the hips toward the extended leg while keeping the back straight.
3. Hold the stretch gently and breathe steadily before switching sides.",Hinge at hips and avoid rounding back.,2,"Recent Hamstring Surgery, Acute Lumbar Disc Herniation",Cooldown,,,
Dumbbell Bent Over Row,10115,5504bbd4-2812-f111-90e2-0ee5bce07997,Dumbbell Bent Over Row: Build mid-back pulling strength—tap to begin.,Dumbbell Bent Over Row,All Ages,All,,,,,,,,,,Strengthens back muscles and improves posture.,,Keep spine neutral and pull elbows toward hips.,,,,,,
Reverse Fly Bodyweight,10116,5604bbd4-2812-f111-90e2-0ee5bce07997,Reverse Fly Bodyweight: Strengthen rear shoulders without equipment—tap to begin.,Reverse Fly Bodyweight,All Ages,All,,,,,,,,,,Activates rear shoulders and upper back without load.,,Squeeze shoulder blades without shrugging.,,,,,,
Squat with Calf Raise,10117,5704bbd4-2812-f111-90e2-0ee5bce07997,Squat with Calf Raise: Combine lower-body strength with ankle power—tap to begin.,Squat with Calf Raise,All Ages,All,,,,,,,,,,Builds lower-body strength and ankle power.,,Keep balance centered and rise onto toes slowly.,,,,,,
Step Touch with Reach,10118,ba8082e0-2812-f111-90e2-0ee5bce07997,Step Touch with Reach: Improve coordination with upper-body reach—tap to begin.,Step Touch with Reach,All Ages,All,,,,,,,,,,Improves coordination and full-body mobility.,,Move rhythmically and avoid locking knees.,,,,,,
Dumbbell Side Bend,10119,7e27ca94-6e1c-f111-90e2-0ee5bce07997,Dumbbell Side Bend: Strengthen your obliques and improve lateral core stability—tap to begin. 💪,Dumbbell Side Bend,60+,Weight Maintenance,Flexibility / Stretching,Core,Dumbbells,Beginner,Lower back pain (non-specific),3,20–30 sec hold per side,6–8,60–90 sec,Strengthens obliques and improves lateral trunk mobility,"1. Stand tall with feet shoulder-width and hold one dumbbell in one hand at your side.
2. Brace your core and slowly bend the torso sideways toward the dumbbell while keeping hips stable.
3. Pause briefly at the bottom without rotating the torso.
4. Use your oblique to lift back to upright and repeat, then switch sides.",Keep hips stacked and spine tall while moving through the obliques,3,None,Cooldown,,,
Dumbbell Step up,10120,7f27ca94-6e1c-f111-90e2-0ee5bce07997,Dumbbell Step-Up: Increase single-leg strength and glute activation with added resistance—tap to begin. 💪,Dumbbell Step Up,All Ages,Weight Loss,Strength,Lower,Dumbbell,Intermediate,Limited single-leg balance,3,12-Aug,7–9,60–90 sec,Builds leg strength and improves balance during functional tasks,"1. Stand facing a bench holding a dumbbell in each hand at your sides.
2. Step onto the bench with your right foot and press through the heel to lift your body upward.
3. Bring your left foot up to stand tall with hips fully extended.
4. Step back down with the left foot then the right and repeat, then switch lead legs.",Push through the stepping heel keep chest tall and knee tracking over toes,4,None,Main workout,,,
Farmer’s Walk,10121,8027ca94-6e1c-f111-90e2-0ee5bce07997,Farmer’s Walk: Build grip strength and core stability while improving posture—tap to begin. 💪,,,,,,,,,,,,,"Improves grip strength, core stability, and total-body endurance.",,"Keep shoulders down and back, chest tall, and avoid leaning to one side.",,,,,,
Dumbbell Seated Good Morning,10122,8127ca94-6e1c-f111-90e2-0ee5bce07997,Dumbbell Seated Good Morning: Strengthen the lower back and improve hip hinge control—tap to begin. 💪,,,,,,,,,,,,,Strengthens the lower back and glutes while improving hip hinge mobility.,,Keep spine neutral and hinge from the hips without rounding the back.,,,,,,
Step-Up,10123,ff41049d-6e1c-f111-90e2-0ee5bce07997,Step-Up: Build single-leg strength and improve knee stability—tap to begin.,Step-Ups,All Ages,Weight Gain,Strength,Lower,Bodyweight,Beginner,Knee pain (general / chronic) | Limited single-leg balance,3,8–12,6–8,30–60 sec,Strengthens posterior shoulder and upper back muscles to support posture,"1. Stand facing a stable step or platform.
2. Place one foot fully on the step and shift your weight onto that leg.
3. Push through the front foot to lift your body until the stepping leg is straight.
4. Step back down with control and repeat leading with the same leg.",Retract the shoulder blades to lift the chest and avoid overarching the lower back,2.5,,Main workout,,,
Banded Chest Press,10124,b21e2dae-1622-f111-90e3-0ee5bce07997,Banded Chest Press: Strengthen your chest and triceps with controlled pressing resistance—tap to begin. 💪,,,,,,,,,,,,,"Strengthens chest, shoulders, and triceps while improving upper-body pushing strength.",,Keep core engaged and press straight forward without arching the lower back.,,,,,,
Banded Chest Fly,10125,b31e2dae-1622-f111-90e3-0ee5bce07997,Banded Chest Fly: Strengthen your chest muscles while improving shoulder control—tap to begin. 💪,,,,,,,,,,,,,Strengthens the chest and improves shoulder stability.,,Keep a slight bend in the elbows and avoid overstretching the shoulders.,,,,,,
Dumbbell Forward Lunges,10126,a1b614b5-1622-f111-90e3-0ee5bce07997,Dumbbell Forward Lunge: Strengthen your quads and glutes while improving single-leg stability—tap to begin. 💪,,,,,,,,,,,,,"Strengthens quads, glutes, and hamstrings while improving balance and coordination.",,Keep front knee aligned over the toes and maintain an upright chest.,,,,,,
Dumbbell Biceps Curl,10127,a2b614b5-1622-f111-90e3-0ee5bce07997,Dumbbell Bicep Curls: Strengthen your biceps and improve elbow flexion control—tap to begin. 💪,,,,,,,,,,,,,Strengthens the biceps and improves arm pulling strength.,,Keep elbows close to the body and avoid swinging the weights.,,,,,,
Banded Pallof Press,10129,394ce41a-652c-f111-90e3-0ee5bce07997,Banded Pallof Press: Strengthen your core by resisting rotation and improving trunk stability—tap to begin. 💪,Banded Pallof Press,All Ages,Weight Maintenance,Strength,Core,Resistance Band,Intermediate,Reduced core stability,3,8–12,5–7,30–60 sec,Enhances anti-rotation core stability and torso control,"1. Anchor the band at chest height and stand perpendicular to the anchor, holding the band with both hands at your chest.
2. Step away to create tension and plant your feet shoulder-width apart.
3. Press your hands straight out in front of your chest, resisting rotation from the band.
4. Pull your hands back to your chest with control.",Brace your core and press slowly to resist rotation,3,None,Main workout,,,
Dumbbell Hammer Curl,10130,87fe1052-682c-f111-90e3-0ee5bce07997,Dumbbell Hammer Curl: Strengthen your biceps and forearms with a neutral grip—tap to begin. 💪,Dumbbell Hammer Curl,All Ages,Weight Gain,Strength,Upper,Dumbbell,Intermediate,Elbow pain,3,8–12,7–8,60-90 sec,Strengthens forearms and biceps while enhancing grip strength,"1. Stand tall holding a dumbbell in each hand with palms facing your torso.
2. Keep elbows close to your sides and curl the dumbbells upward.
3. Pause at the top and squeeze the forearms and biceps.
4. Lower the dumbbells slowly back to the starting position.",Keep wrists neutral elbows close to sides and lift with controlled tempo,3,None,Main workout,,,
Dumbbell Press Jack,10131,88fe1052-682c-f111-90e3-0ee5bce07997,Dumbbell Press Jack: Combine pressing strength with dynamic footwork—tap to begin. 💪,Dumbbell Press Jack,All Ages,Weight Loss,Cardio,Full,Dumbbell,Intermediate,Limited overhead reach,3,12–15,7–8,60–90 sec,Combines shoulder endurance and cardiovascular challenge for improved upper body stamina,"1. Stand tall with feet together and hold a dumbbell in each hand at shoulder height.
2. Jump feet outward into a wide stance while pressing both dumbbells overhead until arms are extended.
3. Land softly with feet together while lowering the dumbbells back to shoulder height.
4. Repeat the movement continuously for repetitions.",Maintain a tight core and press smoothly without arching the lower back,6.5,"Obesity / Overweight, Osteoporosis, Osteoarthritis, Hypothyroidism",Warm up/Main workout,,,
Dumbbell Renegade Row,10132,10ebd661-682c-f111-90e3-0ee5bce07997,Dumbbell Renegade Row: Strengthen your back while challenging core stability—tap to begin. 💪,Dumbbell Renegade Row,40-59,Weight Loss,Strength,Core,Dumbbell,Intermediate,Reduced core stability,3,8–10,7–8,60–90 sec,Develops upper back strength while challenging core stability,"1. Start in a high plank with hands gripping a dumbbell under your shoulders and feet wider than hip-width.
2. Brace your core and row one dumbbell toward your ribcage, keeping hips square to the floor.
3. Lower that dumbbell with control and immediately row the opposite dumbbell in the same manner.
4. Maintain a steady plank position and keep your body stable throughout each repetition.","Brace core, hinge at hips and row without rotating torso",6,None,Main workout,,,
Dumbbell Tricep Kickback,10133,11ebd661-682c-f111-90e3-0ee5bce07997,Dumbbell Tricep Kickback: Isolate and strengthen your triceps with controlled extension—tap to begin. 💪,Dumbbell Tricep Kickback,60+,Weight Maintenance,Strength,Upper,Dumbbell,Intermediate,Lower back pain (non-specific),3,10–15,6–8,45-60 sec,Isolates triceps to enhance arm extension strength and upper limb control,"1. Hinge at hips and bend knees slightly while holding a dumbbell in each hand.
2. Keep upper arms close to torso and hinge forward until torso is nearly parallel to the floor.
3. Extend forearms backward until elbows straighten and squeeze the triceps.
4. Slowly return the dumbbells to the starting position with control.",Hinge at hips keep upper arm parallel to torso extend with control,2.6,None,Main workout,,,
Side-to-Side Lunge,10134,9b4ba36f-682c-f111-90e3-0ee5bce07997,Side-to-Side Lunge: Strengthen inner thighs and improve lateral hip mobility—tap to begin. 💪,Side-to-Side Lunge,All Ages,Weight Maintenance,Strength,Lower,Bodyweight,All,Acute Knee Injury,3,8–12,6–8,60 sec,Improves lateral leg strength,"""1. Step sideways. 2. Bend lead knee. 3. Push back to center.""",Keep chest upright.,5,Recent Knee Surgery,Main workout,,,
Dumbbell Chest Fly,10135,9c4ba36f-682c-f111-90e3-0ee5bce07997,Dumbbell Chest Fly: Strengthen your chest with controlled arm opening and closing—tap to begin. 💪,Dumbbell Chest Fly,40-59,Weight Gain,Strength,Upper,Dumbbell,Intermediate,Rotator cuff weakness / instability,3,10–15,7–9,60–90 sec,Increases pectoral strength and chest range of motion,"1. Lie on a bench or the floor holding a dumbbell in each hand above your chest with palms facing each other and a slight bend in the elbows.
2. Keep the elbows slightly bent and open your arms out to the sides in a wide arc until you feel a stretch in the chest.
3. Pause briefly at the bottom while maintaining the elbow bend and stable shoulder position.
4. Bring the dumbbells back together above your chest by squeezing the chest and following the same arc.",Maintain a slight bend in elbows and lower with control to chest level,3.5,None,Main workout,,,
Dumbbell Thruster,10136,9d4ba36f-682c-f111-90e3-0ee5bce07997,Dumbbell Thruster: Build full-body strength by combining a squat and overhead press—tap to begin. 💪,Dumbbell Thruster,All Ages,Weight Gain,Strength,Full,Dumbbells,Beginner,Limited overhead reach,3,8–12,7–9,90–120 sec,Builds full body power and improves coordination between lower and upper body,"1. Stand with feet shoulder-width apart and hold a dumbbell in each hand at shoulder height.
2. Descend into a squat by pushing hips back and bending knees until thighs are near parallel.
3. Drive upward through the heels, extend hips, and press the dumbbells overhead until arms are straight.
4. Lower the dumbbells back to shoulder height and immediately begin the next repetition.",Keep chest up and drive through heels as you press overhead,6.5,Hypertension,Main workout,,,
Dumbbell Lunge with Bicep Curl,10137,a032c075-682c-f111-90e3-0ee5bce07997,Dumbbell Lunge with Bicep Curl: Combine lower-body strength with bicep activation—tap to begin. 💪,DumbbellLunge with Bicep Curl,60+,Weight Loss,Strength,Full,Dumbbells,Beginner,Knee pain (general / chronic),3,8–12,6–8,60–90 sec,Improves unilateral leg strength and balance while adding targeted biceps strengthening,"1. Stand tall with a dumbbell in each hand at your sides and take a controlled step forward.
2. Lower into a front lunge until the front thigh is parallel and simultaneously curl both dumbbells toward your shoulders.
3. Pause briefly with the front leg planted and the weights at shoulder height.
4. Push through the front heel to return to standing while lowering the dumbbells, then alternate legs.",Keep torso upright and knee aligned over front foot while curling,4.5,None,Main workout,,,
Dumbbell Wrist Curls,10138,a132c075-682c-f111-90e3-0ee5bce07997,Dumbbell Wrist Curls: Strengthen your forearms and improve wrist control—tap to begin. 💪,Dumbbell Wrist Curls,60+,Weight Maintenance,Activation/Mobility,Upper,Dumbbells,Beginner,Wrist pain / limited wrist mobility,3,12–20,6–8,45–60 sec,Improves forearm strength and grip endurance,"1. Sit on a bench and rest your forearms on your thighs with palms facing up, holding dumbbells.
2. Allow the dumbbells to hang just past your knees so your wrists are extended.
3. Curl your wrists upward by contracting the forearms, keeping the forearms stationary.
4. Lower the dumbbells under control to the starting position and repeat.",Keep wrists neutral and curl with slow controlled motions,4,None,Warm up,,,
